CensusTract,State,County,Urban,POP2010,LA1and10,LAPOP1_10
40001376600,Oklahoma,Adair,0,2843,0,492.2039119
40001376700,Oklahoma,Adair,0,5354,0,281.5224319
40001376800,Oklahoma,Adair,0,4845,0,384.9896453
40001376900,Oklahoma,Adair,1,4535,1,876.7644225
40001377000,Oklahoma,Adair,0,5106,0,50.26889846
40003955600,Oklahoma,Alfalfa,0,1469,1,626.5183734
40003955700,Oklahoma,Alfalfa,0,1338,0,1.999452591
40003956000,Oklahoma,Alfalfa,0,2835,1,2687.677451
40005587600,Oklahoma,Atoka,0,1449,1,761.2783253
40005587700,Oklahoma,Atoka,0,4082,0,0
40005587800,Oklahoma,Atoka,0,3774,1,2079.89642
40005587900,Oklahoma,Atoka,0,4877,1,2891.64465
40007951600,Oklahoma,Beaver,0,2698,1,1075.821003
40007951700,Oklahoma,Beaver,0,1327,1,1081.376281
40007951800,Oklahoma,Beaver,0,1611,0,0
40009966100,Oklahoma,Beckham,1,7400,1,2622.357747
40009966200,Oklahoma,Beckham,1,6970,1,3005.076329
40009966500,Oklahoma,Beckham,0,1756,0,163.7707513
40009966800,Oklahoma,Beckham,0,5993,0,277.4792092
40011958600,Oklahoma,Blaine,0,1525,1,1455.790283
40011958700,Oklahoma,Blaine,0,1737,1,1667.188842
40011958800,Oklahoma,Blaine,0,1220,0,247.0495993
40011958900,Oklahoma,Blaine,1,5524,1,2408.81352
40011959000,Oklahoma,Blaine,0,1937,1,1380.319486
40013795600,Oklahoma,Bryan,0,2700,1,2527.481454
40013795700,Oklahoma,Bryan,0,3564,1,2713.220823
40013795900,Oklahoma,Bryan,0,1711,1,879.5864153
40013796001,Oklahoma,Bryan,0,5728,0,94.55391578
40013796002,Oklahoma,Bryan,0,4303,0,50.96666671
40013796100,Oklahoma,Bryan,1,7991,1,4413.632031
40013796200,Oklahoma,Bryan,1,4397,0,0.10156846
40013796300,Oklahoma,Bryan,1,1709,0,0
40013796400,Oklahoma,Bryan,1,1946,0,90.17081014
40013796500,Oklahoma,Bryan,1,2645,1,1360.690241
40013796600,Oklahoma,Bryan,0,5722,0,29.57266405
40015161600,Oklahoma,Caddo,0,6346,1,1766.503789
40015161700,Oklahoma,Caddo,0,1756,1,627.2186634
40015161800,Oklahoma,Caddo,0,3215,1,3202.164272
40015161900,Oklahoma,Caddo,0,1699,1,1293.216534
40015162000,Oklahoma,Caddo,0,3350,0,403.9213474
40015162100,Oklahoma,Caddo,1,7471,1,2338.298268
40015162200,Oklahoma,Caddo,0,2874,0,3.545417883
40015162300,Oklahoma,Caddo,0,2889,1,973.9723124
40017300100,Oklahoma,Canadian,0,2469,1,1358.280862
40017300201,Oklahoma,Canadian,0,5263,0,4.205908362
40017300202,Oklahoma,Canadian,0,4308,0,277.5909159
40017300300,Oklahoma,Canadian,1,3381,0,0
40017300400,Oklahoma,Canadian,1,1127,0,87.46978186
40017300500,Oklahoma,Canadian,1,3078,0,0
40017300600,Oklahoma,Canadian,1,3201,0,0
40017300700,Oklahoma,Canadian,0,6173,0,24.63311659
40017300801,Oklahoma,Canadian,1,8021,1,7736.66813
40017300802,Oklahoma,Canadian,1,2513,1,2512.999985
40017300901,Oklahoma,Canadian,1,5914,1,2554.586809
40017300902,Oklahoma,Canadian,1,2490,0,0
40017300904,Oklahoma,Canadian,1,3643,1,3642.999964
40017300905,Oklahoma,Canadian,1,4436,0,315.4563363
40017301001,Oklahoma,Canadian,1,76,1,74.50554915
40017301003,Oklahoma,Canadian,1,5932,1,2509.469915
40017301006,Oklahoma,Canadian,1,3210,1,3178.651221
40017301007,Oklahoma,Canadian,1,5285,1,1652.812144
40017301008,Oklahoma,Canadian,1,5942,1,5941.999902
40017301009,Oklahoma,Canadian,0,2770,0,0
40017301100,Oklahoma,Canadian,1,5949,0,0
40017301201,Oklahoma,Canadian,1,4042,0,0
40017301202,Oklahoma,Canadian,1,2519,0,0
40017301300,Oklahoma,Canadian,0,4483,0,0
40017301406,Oklahoma,Canadian,1,4898,1,1713.006355
40017301407,Oklahoma,Canadian,1,5103,1,4947.513565
40017301408,Oklahoma,Canadian,0,1921,0,0
40017301409,Oklahoma,Canadian,1,2815,0,331.9820104
40017301410,Oklahoma,Canadian,1,4579,1,542.6046284
40019892100,Oklahoma,Carter,0,2904,1,819.9421657
40019892200,Oklahoma,Carter,0,1411,1,756.9238005
40019892300,Oklahoma,Carter,0,3059,0,0
40019892400,Oklahoma,Carter,0,3448,0,73.77457025
40019892500,Oklahoma,Carter,0,9131,0,0
40019892600,Oklahoma,Carter,1,6387,1,2233.054601
40019892700,Oklahoma,Carter,0,4455,0,190.387702
40019892800,Oklahoma,Carter,1,4932,1,1858.546111
40019892900,Oklahoma,Carter,1,2448,0,0
40019893000,Oklahoma,Carter,1,6437,1,2600.221321
40019893100,Oklahoma,Carter,1,2945,0,40.98286568
40021977600,Oklahoma,Cherokee,0,5144,1,1511.422723
40021977700,Oklahoma,Cherokee,0,6434,1,593.0746983
40021977800,Oklahoma,Cherokee,0,5853,0,0
40021977900,Oklahoma,Cherokee,1,6776,1,3734.293553
40021978000,Oklahoma,Cherokee,1,4123,1,1541.918748
40021978100,Oklahoma,Cherokee,1,6116,1,696.5607583
40021978201,Oklahoma,Cherokee,0,2897,0,105.9660465
40021978202,Oklahoma,Cherokee,0,3256,1,2232.595239
40021978300,Oklahoma,Cherokee,0,6388,1,853.1265948
40023966900,Oklahoma,Choctaw,0,2696,1,1218.222498
40023967000,Oklahoma,Choctaw,0,3149,0,29.18496066
40023967100,Oklahoma,Choctaw,1,3676,1,1673.880902
40023967200,Oklahoma,Choctaw,1,2393,1,2392.99998
40023967300,Oklahoma,Choctaw,0,3291,1,2990.267467
40025950100,Oklahoma,Cimarron,0,1163,1,998.5401167
40025950300,Oklahoma,Cimarron,0,1312,0,0
40027200100,Oklahoma,Cleveland,1,578,0,0
40027200200,Oklahoma,Cleveland,1,1786,0,0
40027200300,Oklahoma,Cleveland,1,3586,0,0
40027200400,Oklahoma,Cleveland,1,1922,0,0
40027200500,Oklahoma,Cleveland,1,3797,0,0
40027200601,Oklahoma,Cleveland,1,6203,0,0
40027200602,Oklahoma,Cleveland,1,3448,0,0
40027200700,Oklahoma,Cleveland,1,272,0,0
40027200800,Oklahoma,Cleveland,1,6574,1,1497.780345
40027200900,Oklahoma,Cleveland,1,3946,0,0
40027201000,Oklahoma,Cleveland,1,5774,0,0
40027201101,Oklahoma,Cleveland,1,5464,1,3080.09104
40027201102,Oklahoma,Cleveland,1,2783,1,912.6713652
40027201201,Oklahoma,Cleveland,1,2121,0,17.9484818
40027201202,Oklahoma,Cleveland,1,4771,1,2183.222168
40027201203,Oklahoma,Cleveland,1,5396,1,2547.316767
40027201301,Oklahoma,Cleveland,1,7499,0,0
40027201403,Oklahoma,Cleveland,1,4966,1,4866.305597
40027201404,Oklahoma,Cleveland,1,2328,1,2137.172892
40027201405,Oklahoma,Cleveland,1,5378,1,2453.296671
40027201505,Oklahoma,Cleveland,1,5522,1,521.8758495
40027201507,Oklahoma,Cleveland,1,6318,1,1394.550343
40027201508,Oklahoma,Cleveland,1,3028,1,1315.898644
40027201509,Oklahoma,Cleveland,1,2364,1,1058.61583
40027201510,Oklahoma,Cleveland,1,6640,1,6497.282189
40027201602,Oklahoma,Cleveland,1,2713,0,0
40027201603,Oklahoma,Cleveland,1,3895,0,0
40027201604,Oklahoma,Cleveland,1,3671,0,0
40027201607,Oklahoma,Cleveland,0,5181,0,0
40027201609,Oklahoma,Cleveland,1,4070,1,3616.248002
40027201610,Oklahoma,Cleveland,1,3708,1,3381.545193
40027201611,Oklahoma,Cleveland,1,2214,1,548.7266769
40027201612,Oklahoma,Cleveland,1,5074,1,865.5582911
40027201700,Oklahoma,Cleveland,0,1701,0,0
40027201801,Oklahoma,Cleveland,1,4143,0,108.5702715
40027201802,Oklahoma,Cleveland,1,3435,0,0
40027201902,Oklahoma,Cleveland,1,4230,0,0
40027201903,Oklahoma,Cleveland,1,2926,0,33.94810177
40027201904,Oklahoma,Cleveland,1,4598,1,579.1638483
40027202002,Oklahoma,Cleveland,1,4244,1,2911.709242
40027202004,Oklahoma,Cleveland,1,3588,0,0
40027202005,Oklahoma,Cleveland,1,6173,0,0
40027202006,Oklahoma,Cleveland,1,2854,0,2.268063307
40027202007,Oklahoma,Cleveland,1,3607,1,3607.000012
40027202008,Oklahoma,Cleveland,1,3825,1,1306.130651
40027202102,Oklahoma,Cleveland,1,2454,0,0
40027202104,Oklahoma,Cleveland,1,2338,0,0
40027202105,Oklahoma,Cleveland,1,4374,1,1300.820496
40027202106,Oklahoma,Cleveland,1,6183,1,1466.60097
40027202107,Oklahoma,Cleveland,1,2264,1,2264.000006
40027202201,Oklahoma,Cleveland,0,3192,0,0
40027202203,Oklahoma,Cleveland,1,3713,1,3265.399355
40027202205,Oklahoma,Cleveland,1,6445,1,5135.484388
40027202206,Oklahoma,Cleveland,1,2819,1,865.3213755
40027202301,Oklahoma,Cleveland,0,5409,0,0
40027202302,Oklahoma,Cleveland,0,5986,0,0
40027202402,Oklahoma,Cleveland,0,6212,0,0
40027202403,Oklahoma,Cleveland,0,5259,0,0
40027202404,Oklahoma,Cleveland,0,4397,0,0
40027202405,Oklahoma,Cleveland,0,7006,1,1269.717807
40027202500,Oklahoma,Cleveland,1,6720,1,2839.786104
40027202600,Oklahoma,Cleveland,1,2670,1,2661.237222
40029388100,Oklahoma,Coal,0,4017,0,139.7468226
40029388200,Oklahoma,Coal,0,1908,1,1478.412091
40031000100,Oklahoma,Comanche,1,4042,1,3449.400264
40031000200,Oklahoma,Comanche,1,2998,1,2487.524707
40031000300,Oklahoma,Comanche,1,5830,1,4839.680235
40031000401,Oklahoma,Comanche,1,6450,0,25.19719863
40031000402,Oklahoma,Comanche,1,4018,0,0
40031000403,Oklahoma,Comanche,1,4769,1,715.8170946
40031000501,Oklahoma,Comanche,1,7888,1,5025.481563
40031000502,Oklahoma,Comanche,0,6958,0,0
40031000600,Oklahoma,Comanche,1,2509,1,550.660003
40031000700,Oklahoma,Comanche,1,2809,0,3.570222855
40031000800,Oklahoma,Comanche,1,2430,0,491.4731951
40031000900,Oklahoma,Comanche,1,2024,0,0
40031001000,Oklahoma,Comanche,1,2074,0,0
40031001100,Oklahoma,Comanche,1,1909,0,0
40031001400,Oklahoma,Comanche,1,1534,0,0
40031001500,Oklahoma,Comanche,1,2909,0,0
40031001600,Oklahoma,Comanche,1,2050,0,45.57742497
40031001700,Oklahoma,Comanche,1,2545,0,25.40775297
40031001901,Oklahoma,Comanche,1,1762,1,1761.999977
40031001902,Oklahoma,Comanche,1,1862,1,1784.530979
40031002001,Oklahoma,Comanche,1,5037,1,5027.524125
40031002003,Oklahoma,Comanche,0,2091,0,187.4895056
40031002004,Oklahoma,Comanche,0,4086,0,0
40031002005,Oklahoma,Comanche,0,5774,0,0
40031002100,Oklahoma,Comanche,0,6966,0,295.217087
40031002200,Oklahoma,Comanche,0,5940,1,913.6640438
40031002301,Oklahoma,Comanche,0,5919,1,778.7020378
40031002302,Oklahoma,Comanche,0,4906,0,52.15677132
40031002401,Oklahoma,Comanche,0,137,0,0
40031002403,Oklahoma,Comanche,1,4308,1,4308.000078
40031002404,Oklahoma,Comanche,1,6551,1,6551.000017
40031002500,Oklahoma,Comanche,1,3013,0,0
40033871100,Oklahoma,Cotton,1,3794,1,3793.999999
40033871200,Oklahoma,Cotton,0,2399,1,1411.766539
40035373100,Oklahoma,Craig,0,3061,1,2135.600751
40035373200,Oklahoma,Craig,0,2718,0,251.9837245
40035373300,Oklahoma,Craig,1,4028,1,1286.852644
40035373400,Oklahoma,Craig,1,2874,0,343.0636641
40035373500,Oklahoma,Craig,0,2348,0,6.212530918
40037020101,Oklahoma,Creek,1,2051,1,2051.00001
40037020102,Oklahoma,Creek,0,1454,0,0
40037020103,Oklahoma,Creek,0,2891,0,0
40037020601,Oklahoma,Creek,0,5643,0,0
40037020602,Oklahoma,Creek,1,3208,0,8.993108928
40037020702,Oklahoma,Creek,0,3741,0,80.65311849
40037020704,Oklahoma,Creek,0,1619,0,0
40037020705,Oklahoma,Creek,0,2924,0,0
40037020706,Oklahoma,Creek,0,5160,0,2.750066867
40037020707,Oklahoma,Creek,0,2088,0,0
40037020800,Oklahoma,Creek,0,3443,0,0
40037020900,Oklahoma,Creek,0,2838,0,0
40037021000,Oklahoma,Creek,1,3737,1,1031.388787
40037021101,Oklahoma,Creek,0,3204,0,464.6310124
40037021102,Oklahoma,Creek,0,3662,0,74.67293757
40037021201,Oklahoma,Creek,0,1919,0,0
40037021202,Oklahoma,Creek,0,3989,0,0
40037021300,Oklahoma,Creek,1,2268,1,720.2121972
40037021400,Oklahoma,Creek,1,6177,1,5907.597273
40037021500,Oklahoma,Creek,0,5379,0,0
40037021600,Oklahoma,Creek,1,2572,1,953.3897865
40039950800,Oklahoma,Custer,1,3916,1,544.2347605
40039960400,Oklahoma,Custer,1,7209,1,2784.678685
40039960600,Oklahoma,Custer,1,5377,1,3878.250966
40039960700,Oklahoma,Custer,1,7611,1,3995.540802
40039961000,Oklahoma,Custer,0,3356,1,3179.536374
40041375601,Oklahoma,Delaware,0,3303,0,0
40041375602,Oklahoma,Delaware,0,3140,0,0
40041375700,Oklahoma,Delaware,1,7657,1,3791.549039
40041375801,Oklahoma,Delaware,0,3497,0,219.8365005
40041375802,Oklahoma,Delaware,0,3404,0,0
40041375900,Oklahoma,Delaware,0,4144,0,0
40041376000,Oklahoma,Delaware,0,5542,0,40.45406562
40041376100,Oklahoma,Delaware,0,5017,1,3985.655028
40041976200,Oklahoma,Delaware,0,5783,1,700.6981416
40043959100,Oklahoma,Dewey,0,1964,1,1963.999997
40043959200,Oklahoma,Dewey,0,1543,1,1543.000004
40043959300,Oklahoma,Dewey,0,1303,1,1302.999998
40045952600,Oklahoma,Ellis,0,2971,1,2952.153329
40045952800,Oklahoma,Ellis,0,1180,1,1179.999999
40047000100,Oklahoma,Garfield,1,5810,0,271.0997414
40047000200,Oklahoma,Garfield,1,2531,1,1616.916425
40047000600,Oklahoma,Garfield,1,6480,1,854.9050446
40047000700,Oklahoma,Garfield,1,6506,0,169.5618811
40047001100,Oklahoma,Garfield,0,3398,1,1774.980883
40047001200,Oklahoma,Garfield,0,3851,1,1269.371299
40047001300,Oklahoma,Garfield,1,7838,1,3011.883687
40047001401,Oklahoma,Garfield,1,3339,0,289.0953037
40047001402,Oklahoma,Garfield,1,4471,0,0
40047001500,Oklahoma,Garfield,0,6498,0,26.00816004
40047001601,Oklahoma,Garfield,1,5625,1,3029.714215
40047001602,Oklahoma,Garfield,0,4233,0,0.039639272
40049681100,Oklahoma,Garvin,0,3230,1,2640.26313
40049681200,Oklahoma,Garvin,0,3628,0,24.30595118
40049681300,Oklahoma,Garvin,1,2884,0,175.7338244
40049681400,Oklahoma,Garvin,0,5121,0,0
40049681500,Oklahoma,Garvin,0,2609,0,0
40049681600,Oklahoma,Garvin,0,2109,0,0
40049681700,Oklahoma,Garvin,0,1861,0,5.86269671
40049681800,Oklahoma,Garvin,1,2938,1,1064.843354
40049681900,Oklahoma,Garvin,0,3196,0,29.97398857
40051000100,Oklahoma,Grady,1,1275,0,291.753615
40051000400,Oklahoma,Grady,1,3277,1,1209.237583
40051000500,Oklahoma,Grady,1,6509,1,2952.80463
40051000600,Oklahoma,Grady,0,5369,0,256.066233
40051000700,Oklahoma,Grady,0,7465,1,1144.390928
40051000800,Oklahoma,Grady,0,6981,0,19.03963708
40051000901,Oklahoma,Grady,0,2534,1,589.8903137
40051000902,Oklahoma,Grady,0,5749,0,0
40051000903,Oklahoma,Grady,1,9327,1,9321.434743
40051001000,Oklahoma,Grady,1,3945,0,5.669574261
40053956400,Oklahoma,Grant,0,1475,1,1458.608396
40053956500,Oklahoma,Grant,0,3052,1,1499.344122
40055967100,Oklahoma,Greer,0,2626,0,431.2506468
40055967200,Oklahoma,Greer,1,3613,1,629.3315537
40057967800,Oklahoma,Harmon,0,2922,0,242.1644219
40059952100,Oklahoma,Harper,0,1718,1,1717.419606
40059952200,Oklahoma,Harper,0,1967,0,185.7611649
40061279100,Oklahoma,Haskell,0,2108,1,1672.788895
40061279200,Oklahoma,Haskell,0,4293,0,38.66193558
40061279300,Oklahoma,Haskell,0,3646,1,2259.643362
40061279400,Oklahoma,Haskell,0,2722,1,874.2155503
40063484600,Oklahoma,Hughes,0,2788,1,585.0049433
40063484700,Oklahoma,Hughes,0,2504,0,405.7101439
40063484800,Oklahoma,Hughes,0,3713,0,0
40063484900,Oklahoma,Hughes,1,2554,0,58.706974
40063485000,Oklahoma,Hughes,0,2444,1,2257.723673
40065968100,Oklahoma,Jackson,0,2445,1,708.4949842
40065968200,Oklahoma,Jackson,0,1662,0,0
40065968300,Oklahoma,Jackson,0,2043,1,1238.219585
40065968400,Oklahoma,Jackson,1,5795,1,1177.249402
40065968500,Oklahoma,Jackson,1,4117,1,3967.736961
40065968600,Oklahoma,Jackson,1,4669,1,621.6686033
40065968700,Oklahoma,Jackson,1,2037,0,244.9901089
40065968800,Oklahoma,Jackson,1,3678,1,1068.458152
40067371600,Oklahoma,Jefferson,0,1950,0,303.2048403
40067371700,Oklahoma,Jefferson,0,1687,1,1168.204968
40067371800,Oklahoma,Jefferson,0,2835,0,36.49787114
40069660198,Oklahoma,Johnston,0,3079,1,2071.647618
40069660200,Oklahoma,Johnston,0,5178,0,485.2307725
40069660300,Oklahoma,Johnston,0,2700,1,1366.978619
40071000100,Oklahoma,Kay,1,5837,1,4261.715344
40071000201,Oklahoma,Kay,1,3172,0,291.4985909
40071000202,Oklahoma,Kay,1,5106,0,407.3743207
40071000300,Oklahoma,Kay,1,4301,1,1373.219179
40071000400,Oklahoma,Kay,1,2438,0,6.45172829
40071000500,Oklahoma,Kay,1,4304,1,3794.147017
40071000600,Oklahoma,Kay,1,3797,1,3796.452846
40071001100,Oklahoma,Kay,1,3978,1,2329.40301
40071001200,Oklahoma,Kay,0,4875,1,564.3956191
40071001301,Oklahoma,Kay,1,4148,1,1605.557142
40071001302,Oklahoma,Kay,0,4606,0,161.530864
40073958100,Oklahoma,Kingfisher,0,4333,0,179.7314571
40073958200,Oklahoma,Kingfisher,0,2393,1,557.6268799
40073958300,Oklahoma,Kingfisher,1,5618,1,1206.700546
40073958400,Oklahoma,Kingfisher,0,2690,1,810.7771933
40075963600,Oklahoma,Kiowa,0,1612,1,1609.755488
40075963700,Oklahoma,Kiowa,1,4166,0,459.0781559
40075964200,Oklahoma,Kiowa,0,3668,1,3022.823546
40077087100,Oklahoma,Latimer,0,2320,1,1664.105405
40077087200,Oklahoma,Latimer,0,5960,0,0.078155007
40077087300,Oklahoma,Latimer,0,2874,1,776.3576493
40079040102,Oklahoma,Le Flore,0,4398,0,0
40079040198,Oklahoma,Le Flore,1,2082,1,1767.791782
40079040299,Oklahoma,Le Flore,0,3734,0,78.20943151
40079040301,Oklahoma,Le Flore,0,6116,0,359.8766432
40079040302,Oklahoma,Le Flore,0,3806,0,175.2171992
40079040303,Oklahoma,Le Flore,0,3843,0,0
40079040401,Oklahoma,Le Flore,1,4779,1,856.1507388
40079040402,Oklahoma,Le Flore,1,3981,1,1121.496009
40079040500,Oklahoma,Le Flore,0,5153,1,1450.844629
40079040601,Oklahoma,Le Flore,0,3928,0,177.2832522
40079040602,Oklahoma,Le Flore,0,5387,1,785.9314748
40079040700,Oklahoma,Le Flore,0,3177,1,1337.780572
40081961100,Oklahoma,Lincoln,0,4731,0,14.05109054
40081961200,Oklahoma,Lincoln,0,4140,1,1362.675199
40081961300,Oklahoma,Lincoln,0,4319,0,39.99867288
40081961400,Oklahoma,Lincoln,0,7782,0,43.43596663
40081961500,Oklahoma,Lincoln,0,5061,0,0
40081961600,Oklahoma,Lincoln,0,3018,0,0
40081961700,Oklahoma,Lincoln,1,5222,1,3432.12963
40083600100,Oklahoma,Logan,1,4525,1,930.1447681
40083600200,Oklahoma,Logan,1,2760,1,1676.007916
40083600300,Oklahoma,Logan,0,2199,0,0
40083600400,Oklahoma,Logan,1,8379,1,8379.00003
40083600500,Oklahoma,Logan,0,7281,0,1.148024909
40083600600,Oklahoma,Logan,0,4338,1,1987.327792
40083600700,Oklahoma,Logan,0,4662,1,1055.474351
40083600800,Oklahoma,Logan,1,7704,1,7704.000065
40085094100,Oklahoma,Love,0,2865,0,0
40085094200,Oklahoma,Love,0,4640,0,300.9351573
40085094300,Oklahoma,Love,0,1918,1,1610.110124
40087400101,Oklahoma,McClain,0,6671,0,0
40087400102,Oklahoma,McClain,0,9323,0,64.79343605
40087400201,Oklahoma,McClain,0,3676,0,42.43998202
40087400202,Oklahoma,McClain,0,7996,1,641.6564021
40087400300,Oklahoma,McClain,1,5497,1,2145.827414
40087400400,Oklahoma,McClain,0,1343,1,1063.834639
40089098200,Oklahoma,McCurtain,0,2698,1,2601.959076
40089098300,Oklahoma,McCurtain,0,1788,0,443.3921701
40089098400,Oklahoma,McCurtain,0,4339,0,180.1827988
40089098500,Oklahoma,McCurtain,0,5972,0,436.8101858
40089098600,Oklahoma,McCurtain,1,5619,1,2330.523147
40089098700,Oklahoma,McCurtain,0,4329,0,1.139383771
40089098800,Oklahoma,McCurtain,1,5682,1,2175.142365
40089098900,Oklahoma,McCurtain,0,2724,1,1024.012761
40091779600,Oklahoma,McIntosh,0,4695,0,136.1155189
40091779700,Oklahoma,McIntosh,1,3616,1,503.9166375
40091779900,Oklahoma,McIntosh,0,2932,1,1426.519381
40091780100,Oklahoma,McIntosh,0,2394,0,192.1119663
40091780200,Oklahoma,McIntosh,0,3147,0,0
40091780300,Oklahoma,McIntosh,0,3468,1,648.0597143
40093955100,Oklahoma,Major,0,3151,0,486.2474866
40093955200,Oklahoma,Major,0,1584,1,872.8860535
40093955300,Oklahoma,Major,0,2792,0,0
40095094698,Oklahoma,Marshall,0,3734,1,712.6333723
40095094700,Oklahoma,Marshall,1,4873,1,3786.094841
40095094801,Oklahoma,Marshall,0,3512,0,134.1581565
40095094802,Oklahoma,Marshall,0,3721,0,0
40097040100,Oklahoma,Mayes,1,4809,1,3363.234316
40097040200,Oklahoma,Mayes,1,4730,1,1123.668356
40097040300,Oklahoma,Mayes,0,3696,0,0
40097040400,Oklahoma,Mayes,0,5633,0,0
40097040501,Oklahoma,Mayes,0,3326,0,0
40097040502,Oklahoma,Mayes,0,4220,0,0
40097040600,Oklahoma,Mayes,0,4574,0,0
40097040700,Oklahoma,Mayes,0,3924,0,0
40097040800,Oklahoma,Mayes,0,6347,1,703.8221156
40099790600,Oklahoma,Murray,0,2035,0,42.31002331
40099790700,Oklahoma,Murray,0,5313,0,91.72857684
40099790800,Oklahoma,Murray,1,6140,1,1981.34803
40101000100,Oklahoma,Muskogee,1,4774,1,809.071693
40101000200,Oklahoma,Muskogee,1,1680,1,548.6896883
40101000300,Oklahoma,Muskogee,1,3340,1,545.9171983
40101000400,Oklahoma,Muskogee,1,1844,0,155.6649254
40101000600,Oklahoma,Muskogee,1,3911,1,3006.589186
40101000700,Oklahoma,Muskogee,1,5345,0,32.05882262
40101000801,Oklahoma,Muskogee,1,5364,0,0
40101000802,Oklahoma,Muskogee,1,2581,0,303.8338757
40101000900,Oklahoma,Muskogee,1,7819,1,2710.439668
40101001000,Oklahoma,Muskogee,1,1733,1,1581.607271
40101001100,Oklahoma,Muskogee,0,3174,0,404.4649783
40101001200,Oklahoma,Muskogee,0,4600,0,35.85682934
40101001300,Oklahoma,Muskogee,0,6320,0,0
40101001400,Oklahoma,Muskogee,0,7207,0,0
40101001500,Oklahoma,Muskogee,0,6699,0,258.2909058
40101001600,Oklahoma,Muskogee,0,4599,1,647.6056499
40103956600,Oklahoma,Noble,0,3084,1,2269.843354
40103956900,Oklahoma,Noble,1,3802,0,371.0760952
40103957000,Oklahoma,Noble,1,1815,0,447.3562903
40103957100,Oklahoma,Noble,0,2860,1,750.4319799
40105172100,Oklahoma,Nowata,0,2220,0,221.7933812
40105172200,Oklahoma,Nowata,0,1682,1,554.3371073
40105172300,Oklahoma,Nowata,0,2122,0,72.35064324
40105172400,Oklahoma,Nowata,1,4512,1,1776.559788
40107080600,Oklahoma,Okfuskee,0,2942,1,787.9145762
40107080700,Oklahoma,Okfuskee,0,3278,1,1538.685955
40107080900,Oklahoma,Okfuskee,1,3651,0,421.150094
40107081000,Oklahoma,Okfuskee,0,2320,0,109.6651107
40109100100,Oklahoma,Oklahoma,1,3393,0,47.98520374
40109100200,Oklahoma,Oklahoma,1,6378,0,122.663111
40109100300,Oklahoma,Oklahoma,1,2648,1,968.2556017
40109100400,Oklahoma,Oklahoma,1,2370,0,74.64196894
40109100500,Oklahoma,Oklahoma,1,1909,0,177.9650594
40109100600,Oklahoma,Oklahoma,1,727,1,727.0000022
40109100700,Oklahoma,Oklahoma,1,1429,1,1106.292387
40109100800,Oklahoma,Oklahoma,1,2405,0,330.200628
40109100900,Oklahoma,Oklahoma,1,1516,0,0
40109101000,Oklahoma,Oklahoma,1,2964,0,0
40109101100,Oklahoma,Oklahoma,1,838,0,130.6633282
40109101200,Oklahoma,Oklahoma,1,1196,1,710.2030778
40109101300,Oklahoma,Oklahoma,1,2895,0,0
40109101400,Oklahoma,Oklahoma,1,1062,0,0
40109101500,Oklahoma,Oklahoma,1,1656,0,0
40109101600,Oklahoma,Oklahoma,1,466,0,0
40109101700,Oklahoma,Oklahoma,1,1199,0,0
40109101800,Oklahoma,Oklahoma,1,1416,0,0
40109101900,Oklahoma,Oklahoma,1,2793,0,0
40109102000,Oklahoma,Oklahoma,1,3022,0,0
40109102100,Oklahoma,Oklahoma,1,2148,0,0
40109102200,Oklahoma,Oklahoma,1,2787,0,0
40109102300,Oklahoma,Oklahoma,1,3495,0,0
40109102400,Oklahoma,Oklahoma,1,3389,0,0
40109102500,Oklahoma,Oklahoma,1,542,0,0
40109102600,Oklahoma,Oklahoma,1,437,0,0
40109102700,Oklahoma,Oklahoma,1,130,0,0
40109102800,Oklahoma,Oklahoma,1,2615,0,0
40109102900,Oklahoma,Oklahoma,1,607,0,0
40109103000,Oklahoma,Oklahoma,1,358,0,0
40109103200,Oklahoma,Oklahoma,1,3498,0,0
40109103300,Oklahoma,Oklahoma,1,1704,0,0
40109103400,Oklahoma,Oklahoma,1,373,1,250.9014202
40109103500,Oklahoma,Oklahoma,1,351,1,137
40109103601,Oklahoma,Oklahoma,1,226,0,0
40109103602,Oklahoma,Oklahoma,1,704,0,7.511129022
40109103700,Oklahoma,Oklahoma,1,514,0,93.43533039
40109103800,Oklahoma,Oklahoma,1,467,0,0.031567559
40109103900,Oklahoma,Oklahoma,1,3960,1,2146.101123
40109104000,Oklahoma,Oklahoma,1,227,1,155.5681491
40109104100,Oklahoma,Oklahoma,1,3145,0,384.3107912
40109104200,Oklahoma,Oklahoma,1,2379,0,0
40109104300,Oklahoma,Oklahoma,1,3372,0,0
40109104400,Oklahoma,Oklahoma,1,3729,0,0
40109104500,Oklahoma,Oklahoma,1,3639,0,0
40109104600,Oklahoma,Oklahoma,1,1076,0,0
40109104700,Oklahoma,Oklahoma,1,1258,0,0
40109104800,Oklahoma,Oklahoma,1,3221,0,0
40109104900,Oklahoma,Oklahoma,1,3861,0,0
40109105000,Oklahoma,Oklahoma,1,2486,0,0
40109105100,Oklahoma,Oklahoma,1,1661,1,645.7789329
40109105201,Oklahoma,Oklahoma,1,1505,1,1504.999996
40109105202,Oklahoma,Oklahoma,1,1156,1,1156.000001
40109105300,Oklahoma,Oklahoma,1,3109,1,2152.379391
40109105400,Oklahoma,Oklahoma,1,1796,0,0
40109105500,Oklahoma,Oklahoma,1,3414,0,0
40109105600,Oklahoma,Oklahoma,1,5182,1,994.3635756
40109105700,Oklahoma,Oklahoma,1,1068,1,483.1670393
40109105800,Oklahoma,Oklahoma,1,819,0,151.028222
40109105903,Oklahoma,Oklahoma,1,2856,0,0
40109105904,Oklahoma,Oklahoma,1,3829,0,0
40109105905,Oklahoma,Oklahoma,1,2817,0,0
40109105906,Oklahoma,Oklahoma,1,2813,0,0
40109105907,Oklahoma,Oklahoma,1,4152,0,0
40109106000,Oklahoma,Oklahoma,0,2067,0,0
40109106100,Oklahoma,Oklahoma,1,3177,1,2057.207132
40109106200,Oklahoma,Oklahoma,1,1488,1,1101.423803
40109106301,Oklahoma,Oklahoma,1,3583,1,3540.829385
40109106302,Oklahoma,Oklahoma,1,4564,1,4367.588916
40109106303,Oklahoma,Oklahoma,1,3283,1,1142.685036
40109106401,Oklahoma,Oklahoma,1,2111,0,88.61598134
40109106402,Oklahoma,Oklahoma,1,2026,0,0
40109106403,Oklahoma,Oklahoma,1,4927,0,33.88833341
40109106501,Oklahoma,Oklahoma,1,2807,0,0
40109106502,Oklahoma,Oklahoma,1,3629,0,367.6203443
40109106503,Oklahoma,Oklahoma,1,1422,0,0
40109106601,Oklahoma,Oklahoma,1,3009,0,0
40109106602,Oklahoma,Oklahoma,1,2555,0,0
40109106604,Oklahoma,Oklahoma,1,2312,0,0
40109106606,Oklahoma,Oklahoma,1,2027,0,0
40109106607,Oklahoma,Oklahoma,1,3341,0,0
40109106608,Oklahoma,Oklahoma,1,2968,0,9.542695045
40109106609,Oklahoma,Oklahoma,1,1237,0,0
40109106610,Oklahoma,Oklahoma,1,1418,0,0
40109106702,Oklahoma,Oklahoma,1,3755,1,594.8804902
40109106704,Oklahoma,Oklahoma,1,2243,1,1650.427386
40109106705,Oklahoma,Oklahoma,1,2098,0,8.233192444
40109106706,Oklahoma,Oklahoma,1,3889,0,0
40109106707,Oklahoma,Oklahoma,1,6156,0,0
40109106708,Oklahoma,Oklahoma,1,2110,1,2042.560279
40109106801,Oklahoma,Oklahoma,1,1936,1,696.734116
40109106802,Oklahoma,Oklahoma,1,1885,0,0
40109106803,Oklahoma,Oklahoma,1,3002,0,0
40109106804,Oklahoma,Oklahoma,1,3736,0,0
40109106902,Oklahoma,Oklahoma,1,2359,0,0
40109106903,Oklahoma,Oklahoma,1,5805,0,26.39807701
40109106906,Oklahoma,Oklahoma,1,2735,0,0
40109106907,Oklahoma,Oklahoma,1,2165,0,0
40109106909,Oklahoma,Oklahoma,1,1516,0,0
40109106910,Oklahoma,Oklahoma,1,2020,0,0
40109106911,Oklahoma,Oklahoma,1,1755,0,376.789324
40109106912,Oklahoma,Oklahoma,1,2940,1,2866.57034
40109106913,Oklahoma,Oklahoma,1,3904,1,2294.167405
40109106914,Oklahoma,Oklahoma,1,3717,0,0
40109106915,Oklahoma,Oklahoma,1,6097,0,0
40109107001,Oklahoma,Oklahoma,1,5885,1,1477.39603
40109107002,Oklahoma,Oklahoma,1,1918,1,1896.719526
40109107101,Oklahoma,Oklahoma,0,31,0,0
40109107103,Oklahoma,Oklahoma,1,1913,0,0
40109107104,Oklahoma,Oklahoma,1,2958,1,889.5857257
40109107206,Oklahoma,Oklahoma,1,4261,0,327.7264374
40109107207,Oklahoma,Oklahoma,1,1972,0,225.3938723
40109107209,Oklahoma,Oklahoma,1,5523,0,0
40109107210,Oklahoma,Oklahoma,1,1063,1,652.1179886
40109107211,Oklahoma,Oklahoma,1,2120,0,59.43951911
40109107212,Oklahoma,Oklahoma,1,6062,1,3982.597264
40109107213,Oklahoma,Oklahoma,1,4848,1,2360.443014
40109107214,Oklahoma,Oklahoma,1,2785,0,0
40109107215,Oklahoma,Oklahoma,1,3989,0,0
40109107216,Oklahoma,Oklahoma,1,3236,0,0
40109107217,Oklahoma,Oklahoma,1,1913,0,0
40109107218,Oklahoma,Oklahoma,1,2992,0,0
40109107219,Oklahoma,Oklahoma,1,3049,0,0
40109107220,Oklahoma,Oklahoma,1,3547,0,0
40109107221,Oklahoma,Oklahoma,1,2047,0,0
40109107222,Oklahoma,Oklahoma,1,1803,0,0
40109107223,Oklahoma,Oklahoma,1,2703,0,0
40109107302,Oklahoma,Oklahoma,1,2510,0,0
40109107303,Oklahoma,Oklahoma,1,1715,0,490.5189674
40109107305,Oklahoma,Oklahoma,1,1360,1,1247.519575
40109107306,Oklahoma,Oklahoma,1,3787,1,1911.50184
40109107401,Oklahoma,Oklahoma,1,6402,1,4879.413468
40109107403,Oklahoma,Oklahoma,1,5504,1,3372.775709
40109107404,Oklahoma,Oklahoma,1,3385,0,0
40109107405,Oklahoma,Oklahoma,1,4435,1,3451.967666
40109107500,Oklahoma,Oklahoma,1,2859,0,0
40109107601,Oklahoma,Oklahoma,1,1958,0,0
40109107604,Oklahoma,Oklahoma,1,1809,0,0
40109107605,Oklahoma,Oklahoma,1,2328,0,0
40109107606,Oklahoma,Oklahoma,1,240,0,39.31040478
40109107607,Oklahoma,Oklahoma,1,3361,0,122.3039595
40109107703,Oklahoma,Oklahoma,1,3462,0,0
40109107704,Oklahoma,Oklahoma,1,1616,0,0
40109107705,Oklahoma,Oklahoma,1,2093,0,0
40109107706,Oklahoma,Oklahoma,1,2820,0,0
40109107707,Oklahoma,Oklahoma,1,1276,0,0
40109107801,Oklahoma,Oklahoma,1,3544,1,871.1814315
40109107804,Oklahoma,Oklahoma,1,2424,0,0
40109107805,Oklahoma,Oklahoma,1,2524,1,2059.6246
40109107806,Oklahoma,Oklahoma,1,3921,1,1775.545536
40109107807,Oklahoma,Oklahoma,1,2794,0,0
40109107808,Oklahoma,Oklahoma,1,1835,0,0
40109107809,Oklahoma,Oklahoma,1,1655,0,16.99194908
40109107810,Oklahoma,Oklahoma,1,2701,1,755.269817
40109107900,Oklahoma,Oklahoma,1,1675,1,1463.979
40109108003,Oklahoma,Oklahoma,1,4098,1,2345.041067
40109108005,Oklahoma,Oklahoma,1,2382,1,2286.970112
40109108006,Oklahoma,Oklahoma,1,4029,0,91.59168994
40109108007,Oklahoma,Oklahoma,1,3057,0,0
40109108008,Oklahoma,Oklahoma,1,4418,0,95.79009914
40109108009,Oklahoma,Oklahoma,1,2986,0,401.3725808
40109108010,Oklahoma,Oklahoma,1,3058,0,425.2501075
40109108011,Oklahoma,Oklahoma,1,3506,1,861.5875304
40109108101,Oklahoma,Oklahoma,0,3389,0,0
40109108106,Oklahoma,Oklahoma,1,4743,1,4736.246921
40109108107,Oklahoma,Oklahoma,1,2790,1,1362.642598
40109108109,Oklahoma,Oklahoma,1,5290,1,4090.170407
40109108110,Oklahoma,Oklahoma,1,3980,1,3248.495572
40109108113,Oklahoma,Oklahoma,1,4686,0,283.0048084
40109108114,Oklahoma,Oklahoma,1,4367,1,1165.374827
40109108201,Oklahoma,Oklahoma,1,3599,0,0
40109108203,Oklahoma,Oklahoma,1,3034,0,0
40109108204,Oklahoma,Oklahoma,1,2739,0,0
40109108206,Oklahoma,Oklahoma,1,4087,1,1436.839644
40109108207,Oklahoma,Oklahoma,1,1571,0,0
40109108208,Oklahoma,Oklahoma,1,4291,0,0
40109108213,Oklahoma,Oklahoma,1,8144,1,5806.154519
40109108215,Oklahoma,Oklahoma,1,4738,0,0
40109108216,Oklahoma,Oklahoma,1,2892,0,0
40109108217,Oklahoma,Oklahoma,1,4295,0,0
40109108218,Oklahoma,Oklahoma,1,8014,1,2021.088904
40109108219,Oklahoma,Oklahoma,1,4384,1,3745.692576
40109108220,Oklahoma,Oklahoma,1,5167,1,1190.738295
40109108221,Oklahoma,Oklahoma,0,5574,0,0
40109108301,Oklahoma,Oklahoma,0,1561,0,0
40109108302,Oklahoma,Oklahoma,0,4354,0,0
40109108303,Oklahoma,Oklahoma,1,6807,1,1036.175877
40109108304,Oklahoma,Oklahoma,1,4882,1,832.8724833
40109108307,Oklahoma,Oklahoma,1,4845,0,0
40109108309,Oklahoma,Oklahoma,1,2363,0,0
40109108310,Oklahoma,Oklahoma,1,2579,0,103.0128975
40109108313,Oklahoma,Oklahoma,1,5374,0,0
40109108314,Oklahoma,Oklahoma,1,2598,0,11.22047615
40109108315,Oklahoma,Oklahoma,1,5003,0,251.3425977
40109108316,Oklahoma,Oklahoma,1,5993,1,3389.733298
40109108317,Oklahoma,Oklahoma,1,3410,0,0
40109108318,Oklahoma,Oklahoma,1,5068,1,2483.575744
40109108402,Oklahoma,Oklahoma,1,1323,0,43.89499664
40109108403,Oklahoma,Oklahoma,1,2001,0,0
40109108404,Oklahoma,Oklahoma,1,2573,0,0
40109108504,Oklahoma,Oklahoma,1,6700,1,6399.836122
40109108506,Oklahoma,Oklahoma,1,3224,0,302.4585586
40109108507,Oklahoma,Oklahoma,1,1150,0,0
40109108508,Oklahoma,Oklahoma,1,2000,1,1253.197541
40109108511,Oklahoma,Oklahoma,0,5284,0,0
40109108512,Oklahoma,Oklahoma,0,4250,0,0
40109108513,Oklahoma,Oklahoma,1,3694,1,984.8369344
40109108514,Oklahoma,Oklahoma,1,5009,0,224.447084
40109108515,Oklahoma,Oklahoma,1,5212,0,0
40109108519,Oklahoma,Oklahoma,1,3318,1,3222.14062
40109108520,Oklahoma,Oklahoma,1,1875,0,50.41397476
40109108521,Oklahoma,Oklahoma,1,1426,0,0
40109108523,Oklahoma,Oklahoma,1,5378,1,3087.860336
40109108524,Oklahoma,Oklahoma,1,3237,1,3131.436057
40109108525,Oklahoma,Oklahoma,1,2107,1,1737.994848
40109108526,Oklahoma,Oklahoma,1,4965,1,1005.363124
40109108527,Oklahoma,Oklahoma,1,5086,1,1059.376995
40109108528,Oklahoma,Oklahoma,1,2155,0,397.6442691
40109108529,Oklahoma,Oklahoma,1,2798,0,0
40109108530,Oklahoma,Oklahoma,1,4128,0,0
40109108601,Oklahoma,Oklahoma,1,2214,1,2160.222239
40109108602,Oklahoma,Oklahoma,1,935,1,925.4530761
40109108603,Oklahoma,Oklahoma,1,2099,1,2098.999989
40109108701,Oklahoma,Oklahoma,0,2529,0,0
40109108703,Oklahoma,Oklahoma,1,5340,1,3703.440826
40109108704,Oklahoma,Oklahoma,0,4912,0,0
40109108706,Oklahoma,Oklahoma,1,2739,1,781.4246332
40109108707,Oklahoma,Oklahoma,1,3401,1,1784.432553
40109108708,Oklahoma,Oklahoma,1,3263,1,2781.314189
40109108709,Oklahoma,Oklahoma,0,3402,0,0
40109108801,Oklahoma,Oklahoma,1,6549,1,6388.219169
40109108802,Oklahoma,Oklahoma,1,4912,1,1816.168455
40109108803,Oklahoma,Oklahoma,0,1088,0,0
40109108804,Oklahoma,Oklahoma,0,2637,0,0
40109108900,Oklahoma,Oklahoma,0,3658,0,0
40109109001,Oklahoma,Oklahoma,0,2076,0,0
40109109003,Oklahoma,Oklahoma,0,4726,0,0
40109109004,Oklahoma,Oklahoma,0,3473,0,0
40109109100,Oklahoma,Oklahoma,1,251,0,0
40109109201,Oklahoma,Oklahoma,0,5486,0,0
40109109202,Oklahoma,Oklahoma,0,2363,0,0
40111000100,Oklahoma,Okmulgee,1,3191,1,2330.970736
40111000200,Oklahoma,Okmulgee,1,3070,1,1412.278437
40111000300,Oklahoma,Okmulgee,1,2848,0,233.1188333
40111000400,Oklahoma,Okmulgee,1,4748,1,1658.640389
40111000500,Oklahoma,Okmulgee,0,4078,0,404.7445895
40111000600,Oklahoma,Okmulgee,0,7200,1,2896.192515
40111000700,Oklahoma,Okmulgee,0,3879,1,614.416196
40111000800,Oklahoma,Okmulgee,0,3352,0,0
40111000901,Oklahoma,Okmulgee,0,3097,0,0
40111000902,Oklahoma,Okmulgee,0,4606,0,0
40113940001,Oklahoma,Osage,0,5983,0,30.81370207
40113940002,Oklahoma,Osage,1,5029,1,2251.308821
40113940003,Oklahoma,Osage,0,4820,0,214.3210954
40113940004,Oklahoma,Osage,0,2503,1,641.0372732
40113940005,Oklahoma,Osage,0,3921,0,0
40113940006,Oklahoma,Osage,1,5722,1,5722.000026
40113940007,Oklahoma,Osage,0,4674,1,578.4415265
40113940008,Oklahoma,Osage,0,3226,1,2206.660045
40113940009,Oklahoma,Osage,0,3216,0,252.3586554
40113940010,Oklahoma,Osage,1,6952,1,5682.659153
40113940011,Oklahoma,Osage,0,1426,1,1012.220214
40115574100,Oklahoma,Ottawa,0,4150,0,0
40115574200,Oklahoma,Ottawa,1,3132,1,2793.353799
40115574300,Oklahoma,Ottawa,1,2710,0,260.6268555
40115574400,Oklahoma,Ottawa,1,2833,0,85.90939689
40115574500,Oklahoma,Ottawa,1,2523,0,1.32125175
40115574600,Oklahoma,Ottawa,1,4362,1,558.6835083
40115574700,Oklahoma,Ottawa,0,4573,0,0
40115574800,Oklahoma,Ottawa,0,4311,1,1419.328123
40115574900,Oklahoma,Ottawa,0,3254,0,8.125242675
40117957100,Oklahoma,Pawnee,1,3886,1,691.8719004
40117957200,Oklahoma,Pawnee,0,4176,0,0
40117957300,Oklahoma,Pawnee,0,3317,0,18.73879978
40117957400,Oklahoma,Pawnee,0,2731,0,221.7540644
40117957500,Oklahoma,Pawnee,0,2467,0,0
40119010101,Oklahoma,Payne,1,4102,1,2125.11271
40119010102,Oklahoma,Payne,1,5091,0,1.291814327
40119010200,Oklahoma,Payne,1,5507,1,3854.04716
40119010300,Oklahoma,Payne,1,3401,0,1.995913292
40119010400,Oklahoma,Payne,1,6372,1,1410.499859
40119010500,Oklahoma,Payne,1,3323,0,0
40119010600,Oklahoma,Payne,1,4814,1,1420.927477
40119010700,Oklahoma,Payne,1,2871,1,1132.818737
40119010800,Oklahoma,Payne,1,2208,0,362.0311171
40119010900,Oklahoma,Payne,1,8266,1,4924.781281
40119011000,Oklahoma,Payne,0,5735,0,254.4492978
40119011101,Oklahoma,Payne,0,5177,0,384.6382284
40119011102,Oklahoma,Payne,0,6246,0,8.7603769
40119011200,Oklahoma,Payne,0,2453,0,129.3312544
40119011301,Oklahoma,Payne,0,3625,0,0
40119011302,Oklahoma,Payne,1,3758,1,3109.828813
40119011400,Oklahoma,Payne,0,4401,0,0
40121485600,Oklahoma,Pittsburg,0,2772,0,30.29756578
40121485700,Oklahoma,Pittsburg,0,2442,1,2121.171569
40121485800,Oklahoma,Pittsburg,0,4725,1,2024.040136
40121485900,Oklahoma,Pittsburg,0,2378,1,1643.038508
40121486000,Oklahoma,Pittsburg,0,4989,0,0
40121486100,Oklahoma,Pittsburg,1,4591,1,2653.771024
40121486200,Oklahoma,Pittsburg,1,3716,1,2823.557335
40121486300,Oklahoma,Pittsburg,1,1794,1,1793.999992
40121486400,Oklahoma,Pittsburg,1,2602,0,288.7960681
40121486500,Oklahoma,Pittsburg,1,5708,1,2218.671286
40121486600,Oklahoma,Pittsburg,0,2911,0,84.96211206
40121486700,Oklahoma,Pittsburg,0,5084,0,210.912937
40121486800,Oklahoma,Pittsburg,0,2125,1,2039.494809
40123088600,Oklahoma,Pontotoc,0,5135,1,1309.973209
40123088700,Oklahoma,Pontotoc,0,2417,1,1354.318616
40123088800,Oklahoma,Pontotoc,1,7316,1,5330.656742
40123088900,Oklahoma,Pontotoc,1,4385,0,219.4785843
40123089000,Oklahoma,Pontotoc,0,3574,0,0
40123089100,Oklahoma,Pontotoc,1,2322,0,67.11729385
40123089200,Oklahoma,Pontotoc,1,1650,0,0
40123089300,Oklahoma,Pontotoc,1,3900,1,621.0057121
40123089598,Oklahoma,Pontotoc,0,4676,1,832.533104
40123089600,Oklahoma,Pontotoc,0,2117,1,1632.210612
40125500200,Oklahoma,Pottawatomie,1,3275,1,2317.73917
40125500301,Oklahoma,Pottawatomie,1,3218,1,507.5185097
40125500302,Oklahoma,Pottawatomie,1,2833,1,2528.775058
40125500400,Oklahoma,Pottawatomie,1,3577,0,0
40125500500,Oklahoma,Pottawatomie,1,4335,1,950.5832172
40125500600,Oklahoma,Pottawatomie,1,3337,0,0
40125500700,Oklahoma,Pottawatomie,1,3053,0,140.7545612
40125500800,Oklahoma,Pottawatomie,1,3546,1,1314.492675
40125500900,Oklahoma,Pottawatomie,0,6881,0,0
40125501001,Oklahoma,Pottawatomie,0,8391,0,0
40125501003,Oklahoma,Pottawatomie,0,4293,0,0
40125501004,Oklahoma,Pottawatomie,0,4395,0,0
40125501101,Oklahoma,Pottawatomie,0,5520,0,0
40125501102,Oklahoma,Pottawatomie,0,7907,0,310.2571362
40125501201,Oklahoma,Pottawatomie,0,1981,0,333.2882883
40125501300,Oklahoma,Pottawatomie,0,2900,1,1602.750298
40127097600,Oklahoma,Pushmataha,0,3033,1,2582.798991
40127097700,Oklahoma,Pushmataha,0,5892,0,236.3839119
40127097800,Oklahoma,Pushmataha,0,2647,1,2228.985362
40129960000,Oklahoma,Roger Mills,0,3647,1,2001.024437
40131050101,Oklahoma,Rogers,1,4676,0,103.8396589
40131050103,Oklahoma,Rogers,1,2375,1,1189.738098
40131050104,Oklahoma,Rogers,1,1955,0,0
40131050105,Oklahoma,Rogers,1,4690,1,3110.159954
40131050201,Oklahoma,Rogers,0,2507,0,0
40131050202,Oklahoma,Rogers,1,2927,0,86.81396866
40131050203,Oklahoma,Rogers,1,1634,1,1227.7148
40131050301,Oklahoma,Rogers,0,2420,0,0
40131050302,Oklahoma,Rogers,0,2719,0,37.39119482
40131050303,Oklahoma,Rogers,0,2889,0,14.93035841
40131050304,Oklahoma,Rogers,0,3235,0,0
40131050403,Oklahoma,Rogers,0,5193,0,0
40131050404,Oklahoma,Rogers,1,5805,1,5132.810907
40131050405,Oklahoma,Rogers,0,3676,0,0
40131050406,Oklahoma,Rogers,1,2263,1,2250.160908
40131050407,Oklahoma,Rogers,1,2354,1,2261.939543
40131050408,Oklahoma,Rogers,1,3002,0,164.7944325
40131050409,Oklahoma,Rogers,0,1822,0,0
40131050501,Oklahoma,Rogers,0,2980,0,0
40131050502,Oklahoma,Rogers,0,3379,0,0
40131050601,Oklahoma,Rogers,0,3120,0,0
40131050602,Oklahoma,Rogers,1,2993,1,2993.000007
40131050603,Oklahoma,Rogers,0,2254,0,0
40131050604,Oklahoma,Rogers,0,3744,0,0
40131050701,Oklahoma,Rogers,0,2165,0,0
40131050702,Oklahoma,Rogers,0,2948,0,0
40131050801,Oklahoma,Rogers,0,4048,0,0
40131050802,Oklahoma,Rogers,0,3132,0,5.47228715
40133583100,Oklahoma,Seminole,0,1849,1,691.4699794
40133583200,Oklahoma,Seminole,0,3321,0,20.55363742
40133583300,Oklahoma,Seminole,0,2627,0,0
40133583400,Oklahoma,Seminole,0,4301,0,0
40133583500,Oklahoma,Seminole,1,2179,0,3.170760155
40133583600,Oklahoma,Seminole,1,4233,1,789.9968793
40133583700,Oklahoma,Seminole,0,2179,0,3.148258805
40133583800,Oklahoma,Seminole,0,2852,0,0
40133583900,Oklahoma,Seminole,0,1941,1,557.2903485
40135030101,Oklahoma,Sequoyah,0,4858,0,354.6039749
40135030103,Oklahoma,Sequoyah,1,2640,1,2639.745012
40135030104,Oklahoma,Sequoyah,0,6992,0,0.12518698
40135030201,Oklahoma,Sequoyah,0,2568,0,2.877505142
40135030202,Oklahoma,Sequoyah,0,5509,0,0
40135030301,Oklahoma,Sequoyah,1,2267,1,1066.804968
40135030302,Oklahoma,Sequoyah,1,6931,1,1097.895825
40135030401,Oklahoma,Sequoyah,0,4009,0,0
40135030402,Oklahoma,Sequoyah,1,6617,1,3775.093272
40137000101,Oklahoma,Stephens,1,5437,1,1023.636752
40137000102,Oklahoma,Stephens,0,3225,0,0
40137000200,Oklahoma,Stephens,1,3850,1,1212.519713
40137000300,Oklahoma,Stephens,1,2121,0,0
40137000400,Oklahoma,Stephens,1,5705,1,1210.659114
40137000600,Oklahoma,Stephens,1,3228,1,665.2175517
40137000800,Oklahoma,Stephens,1,5241,1,5240.999989
40137000901,Oklahoma,Stephens,0,4641,0,39.15202466
40137000902,Oklahoma,Stephens,0,3836,1,766.7039478
40137001000,Oklahoma,Stephens,0,2092,1,1899.012784
40137001100,Oklahoma,Stephens,0,5672,0,256.2325447
40139950600,Oklahoma,Texas,0,3790,1,2747.043018
40139950700,Oklahoma,Texas,0,3173,1,2018.498795
40139950800,Oklahoma,Texas,1,4817,0,359.8016835
40139950900,Oklahoma,Texas,1,7245,1,1762.138739
40139951000,Oklahoma,Texas,0,1615,1,1339.080868
40141070100,Oklahoma,Tillman,0,1219,1,494.0070402
40141070200,Oklahoma,Tillman,0,1139,1,814.7173378
40141070300,Oklahoma,Tillman,1,2387,0,255.0890848
40141070400,Oklahoma,Tillman,1,1760,0,243.459601
40141070500,Oklahoma,Tillman,0,1487,1,1425.162833
40143000100,Oklahoma,Tulsa,1,2159,1,1692.247686
40143000200,Oklahoma,Tulsa,1,1473,1,1354.644251
40143000300,Oklahoma,Tulsa,1,3919,1,3766.951747
40143000400,Oklahoma,Tulsa,1,3939,1,696.5406239
40143000500,Oklahoma,Tulsa,1,2333,0,37.56853604
40143000600,Oklahoma,Tulsa,1,1545,0,12.48354912
40143000700,Oklahoma,Tulsa,1,1695,0,326.1278069
40143000800,Oklahoma,Tulsa,1,1397,1,1259.754372
40143000900,Oklahoma,Tulsa,1,1384,1,1351.382457
40143001000,Oklahoma,Tulsa,1,1421,1,766.3006232
40143001200,Oklahoma,Tulsa,1,1824,0,0.804780364
40143001300,Oklahoma,Tulsa,1,2309,0,0
40143001400,Oklahoma,Tulsa,1,5355,0,0
40143001500,Oklahoma,Tulsa,1,4038,1,3641.966744
40143001600,Oklahoma,Tulsa,1,4944,0,402.6996488
40143001700,Oklahoma,Tulsa,1,2493,1,1235.859433
40143001800,Oklahoma,Tulsa,1,1899,1,1492.614758
40143001900,Oklahoma,Tulsa,1,1763,1,1422.51227
40143002000,Oklahoma,Tulsa,1,1831,0,0
40143002100,Oklahoma,Tulsa,1,3695,0,172.0635843
40143002301,Oklahoma,Tulsa,1,2835,0,0
40143002500,Oklahoma,Tulsa,1,3980,1,3722.418547
40143002700,Oklahoma,Tulsa,1,3291,1,3250.972227
40143002900,Oklahoma,Tulsa,1,2935,1,1260.391202
40143003000,Oklahoma,Tulsa,1,2032,0,0
40143003100,Oklahoma,Tulsa,1,2620,1,2620.000033
40143003200,Oklahoma,Tulsa,1,1511,1,649.8597266
40143003300,Oklahoma,Tulsa,1,2032,0,0
40143003400,Oklahoma,Tulsa,1,2093,0,0
40143003500,Oklahoma,Tulsa,1,1998,0,79.21005821
40143003600,Oklahoma,Tulsa,1,2064,0,0
40143003700,Oklahoma,Tulsa,1,2675,0,116.8277454
40143003800,Oklahoma,Tulsa,1,1867,0,13.19398096
40143003900,Oklahoma,Tulsa,1,4061,0,0
40143004000,Oklahoma,Tulsa,1,4333,0,0
40143004101,Oklahoma,Tulsa,1,2327,0,0
40143004200,Oklahoma,Tulsa,1,2851,0,0
40143004301,Oklahoma,Tulsa,1,2137,0,0
40143004302,Oklahoma,Tulsa,1,3178,0,0
40143004400,Oklahoma,Tulsa,1,2710,0,295.7006073
40143004500,Oklahoma,Tulsa,1,2449,1,1166.029823
40143004600,Oklahoma,Tulsa,1,3082,1,3082.000025
40143004700,Oklahoma,Tulsa,1,1891,1,1891.000006
40143004800,Oklahoma,Tulsa,1,4400,1,1249.092948
40143004900,Oklahoma,Tulsa,1,1620,0,436.5660094
40143005001,Oklahoma,Tulsa,1,2057,0,0
40143005002,Oklahoma,Tulsa,1,3624,0,0
40143005100,Oklahoma,Tulsa,1,1811,0,0
40143005200,Oklahoma,Tulsa,1,2872,0,0
40143005300,Oklahoma,Tulsa,1,4569,0,87.76493931
40143005401,Oklahoma,Tulsa,0,2332,0,0
40143005402,Oklahoma,Tulsa,1,7336,1,3392.01123
40143005500,Oklahoma,Tulsa,0,3295,0,0
40143005600,Oklahoma,Tulsa,0,2504,0,0
40143005700,Oklahoma,Tulsa,1,2316,1,1401.095895
40143005801,Oklahoma,Tulsa,1,4098,1,1010.087333
40143005805,Oklahoma,Tulsa,1,6925,1,705.5584149
40143005806,Oklahoma,Tulsa,1,5194,0,280.6205529
40143005807,Oklahoma,Tulsa,1,12083,1,6141.726383
40143005808,Oklahoma,Tulsa,1,2521,1,2520.999998
40143005900,Oklahoma,Tulsa,0,2342,0,0
40143006000,Oklahoma,Tulsa,1,4946,0,102.9843874
40143006200,Oklahoma,Tulsa,1,2781,1,2693.034721
40143006506,Oklahoma,Tulsa,0,2280,0,0
40143006507,Oklahoma,Tulsa,0,1483,0,0
40143006600,Oklahoma,Tulsa,1,2864,1,2863.99997
40143006701,Oklahoma,Tulsa,1,3200,1,1739.582334
40143006703,Oklahoma,Tulsa,1,3735,0,236.3456736
40143006705,Oklahoma,Tulsa,1,4892,1,2741.376853
40143006707,Oklahoma,Tulsa,1,8260,1,7988.077734
40143006708,Oklahoma,Tulsa,1,5598,1,5476.034184
40143006801,Oklahoma,Tulsa,1,2923,0,96.24460316
40143006803,Oklahoma,Tulsa,1,2753,1,910.3950855
40143006804,Oklahoma,Tulsa,1,2795,0,0
40143006901,Oklahoma,Tulsa,1,4123,1,948.6718708
40143006902,Oklahoma,Tulsa,1,1586,1,1102.687078
40143006903,Oklahoma,Tulsa,1,3620,0,193.8696814
40143006905,Oklahoma,Tulsa,1,4192,0,2
40143006906,Oklahoma,Tulsa,1,1990,0,309.5882545
40143006907,Oklahoma,Tulsa,1,2964,1,622.2311796
40143007000,Oklahoma,Tulsa,1,2977,1,851.6649397
40143007101,Oklahoma,Tulsa,1,3443,1,636.3104281
40143007102,Oklahoma,Tulsa,1,2395,1,1309.310259
40143007200,Oklahoma,Tulsa,1,3908,1,1140.139589
40143007304,Oklahoma,Tulsa,1,3810,0,0
40143007305,Oklahoma,Tulsa,1,6333,1,509.0364556
40143007306,Oklahoma,Tulsa,1,5695,0,0
40143007308,Oklahoma,Tulsa,0,3219,0,0
40143007309,Oklahoma,Tulsa,1,1502,0,18.21611145
40143007310,Oklahoma,Tulsa,1,3675,0,0
40143007311,Oklahoma,Tulsa,1,2777,1,516.5773415
40143007312,Oklahoma,Tulsa,1,4790,0,0
40143007402,Oklahoma,Tulsa,1,2893,0,0
40143007407,Oklahoma,Tulsa,1,3155,0,13.85968113
40143007408,Oklahoma,Tulsa,1,1264,0,15.16988659
40143007409,Oklahoma,Tulsa,1,3836,1,1427.725385
40143007410,Oklahoma,Tulsa,1,2232,0,127.2799112
40143007411,Oklahoma,Tulsa,1,2502,0,0
40143007412,Oklahoma,Tulsa,1,3617,0,0
40143007413,Oklahoma,Tulsa,1,3986,0,218.6751359
40143007414,Oklahoma,Tulsa,1,2781,0,231.0051589
40143007415,Oklahoma,Tulsa,1,1741,0,0
40143007503,Oklahoma,Tulsa,1,2629,0,456.0075316
40143007506,Oklahoma,Tulsa,1,3080,1,1227.103017
40143007507,Oklahoma,Tulsa,1,3425,0,0
40143007508,Oklahoma,Tulsa,1,6007,1,1936.14643
40143007510,Oklahoma,Tulsa,1,5212,0,0
40143007511,Oklahoma,Tulsa,1,2788,0,90.14340325
40143007512,Oklahoma,Tulsa,1,4353,0,307.7637181
40143007513,Oklahoma,Tulsa,0,4338,0,0
40143007515,Oklahoma,Tulsa,1,4433,1,964.3287962
40143007516,Oklahoma,Tulsa,1,4319,1,4318.999999
40143007518,Oklahoma,Tulsa,1,3483,0,234.6528015
40143007519,Oklahoma,Tulsa,1,2938,0,63.22294617
40143007520,Oklahoma,Tulsa,1,3890,1,3091.941769
40143007522,Oklahoma,Tulsa,1,2169,0,147.8240523
40143007523,Oklahoma,Tulsa,1,2521,1,932.4175679
40143007524,Oklahoma,Tulsa,1,2736,1,1021.406339
40143007608,Oklahoma,Tulsa,1,2577,0,0
40143007609,Oklahoma,Tulsa,1,4779,0,166.006176
40143007611,Oklahoma,Tulsa,1,1362,1,1197.932011
40143007612,Oklahoma,Tulsa,1,3434,0,338.7534518
40143007613,Oklahoma,Tulsa,1,3011,1,2956.603255
40143007614,Oklahoma,Tulsa,1,2430,0,322.959705
40143007615,Oklahoma,Tulsa,1,2032,1,506.1509169
40143007616,Oklahoma,Tulsa,1,3373,0,12.73383141
40143007617,Oklahoma,Tulsa,1,4017,0,21.58746529
40143007618,Oklahoma,Tulsa,1,6041,0,0
40143007619,Oklahoma,Tulsa,1,3852,0,0
40143007620,Oklahoma,Tulsa,1,5243,0,0
40143007624,Oklahoma,Tulsa,1,2987,1,2099.898655
40143007625,Oklahoma,Tulsa,1,4684,0,0
40143007629,Oklahoma,Tulsa,1,3825,0,481.7084577
40143007630,Oklahoma,Tulsa,1,4861,0,309.0261412
40143007631,Oklahoma,Tulsa,1,3218,0,0
40143007632,Oklahoma,Tulsa,1,2824,0,0
40143007633,Oklahoma,Tulsa,1,2602,1,773.0276751
40143007634,Oklahoma,Tulsa,1,3350,0,0
40143007635,Oklahoma,Tulsa,1,5554,0,0
40143007636,Oklahoma,Tulsa,1,3740,0,0
40143007637,Oklahoma,Tulsa,1,5142,1,4964.299069
40143007638,Oklahoma,Tulsa,1,3927,1,3436.778425
40143007639,Oklahoma,Tulsa,1,4816,0,138.9194689
40143007641,Oklahoma,Tulsa,1,4171,0,0
40143007642,Oklahoma,Tulsa,1,1720,0,182.9293041
40143007701,Oklahoma,Tulsa,1,5106,1,1119.380416
40143007702,Oklahoma,Tulsa,0,7852,0,0
40143007801,Oklahoma,Tulsa,0,3038,0,0
40143007802,Oklahoma,Tulsa,0,4975,0,0
40143007900,Oklahoma,Tulsa,1,4636,1,3484.883757
40143008001,Oklahoma,Tulsa,1,1927,1,1926.999982
40143008002,Oklahoma,Tulsa,1,2791,1,2791.000025
40143008200,Oklahoma,Tulsa,1,2216,1,2174.80558
40143008300,Oklahoma,Tulsa,1,1465,1,1246.873225
40143008400,Oklahoma,Tulsa,1,3510,0,136.4223175
40143008501,Oklahoma,Tulsa,1,3002,1,1770.546799
40143008502,Oklahoma,Tulsa,1,4566,1,3500.313205
40143008600,Oklahoma,Tulsa,1,4312,0,361.0662525
40143008700,Oklahoma,Tulsa,1,2952,0,418.452659
40143008800,Oklahoma,Tulsa,1,2531,1,760.1311782
40143008900,Oklahoma,Tulsa,1,3516,0,337.2029896
40143009003,Oklahoma,Tulsa,1,6207,1,4643.54042
40143009004,Oklahoma,Tulsa,1,5379,0,0
40143009006,Oklahoma,Tulsa,1,6445,0,0
40143009007,Oklahoma,Tulsa,1,6988,1,516.4915695
40143009008,Oklahoma,Tulsa,1,3626,0,0
40143009009,Oklahoma,Tulsa,0,6433,0,0
40143009101,Oklahoma,Tulsa,1,2683,1,1169.079274
40143009104,Oklahoma,Tulsa,0,2349,0,0
40143009200,Oklahoma,Tulsa,1,3538,1,2651.291763
40143009300,Oklahoma,Tulsa,1,4190,1,1025.403341
40143009401,Oklahoma,Tulsa,1,5131,1,2371.242854
40143009402,Oklahoma,Tulsa,1,5009,1,3150.872009
40143009500,Oklahoma,Tulsa,0,4910,0,0
40143011100,Oklahoma,Tulsa,1,444,1,199.9393939
40145030101,Oklahoma,Wagoner,1,4676,1,2834.378508
40145030102,Oklahoma,Wagoner,0,4316,0,0
40145030201,Oklahoma,Wagoner,0,2829,0,0.727230161
40145030202,Oklahoma,Wagoner,0,3499,0,0
40145030300,Oklahoma,Wagoner,0,1791,0,0
40145030402,Oklahoma,Wagoner,0,4266,0,0
40145030403,Oklahoma,Wagoner,1,1897,1,1897.000003
40145030405,Oklahoma,Wagoner,1,5342,1,5341.999984
40145030406,Oklahoma,Wagoner,1,4987,1,4987.000023
40145030502,Oklahoma,Wagoner,1,2301,1,1273.041571
40145030505,Oklahoma,Wagoner,1,1711,1,1703.766178
40145030506,Oklahoma,Wagoner,0,1393,0,0
40145030507,Oklahoma,Wagoner,1,2675,0,170.3699229
40145030508,Oklahoma,Wagoner,1,2026,1,2022.057893
40145030509,Oklahoma,Wagoner,1,3637,1,3636.999996
40145030510,Oklahoma,Wagoner,1,1721,1,1706.154988
40145030511,Oklahoma,Wagoner,0,1885,0,0
40145030512,Oklahoma,Wagoner,1,3832,1,2019.513392
40145030601,Oklahoma,Wagoner,0,4509,0,0
40145030602,Oklahoma,Wagoner,1,7422,1,2770.39542
40145030798,Oklahoma,Wagoner,0,3276,0,0
40145030800,Oklahoma,Wagoner,0,3094,0,0
40147000100,Oklahoma,Washington,1,1885,1,1884.380936
40147000200,Oklahoma,Washington,1,1861,0,1.340048194
40147000300,Oklahoma,Washington,1,2532,0,0
40147000400,Oklahoma,Washington,1,4533,1,4026.417953
40147000500,Oklahoma,Washington,1,6196,1,787.4585831
40147000600,Oklahoma,Washington,1,7376,1,1097.533208
40147000700,Oklahoma,Washington,1,5611,1,1190.597422
40147000800,Oklahoma,Washington,1,3462,1,2348.678443
40147000900,Oklahoma,Washington,1,2293,1,1840.061429
40147001000,Oklahoma,Washington,0,2163,0,290.9409954
40147001100,Oklahoma,Washington,1,5103,1,3072.731203
40147001200,Oklahoma,Washington,1,2218,1,2200.65642
40147001300,Oklahoma,Washington,0,5743,1,1350.103406
40149964900,Oklahoma,Washita,0,4018,1,2391.850933
40149965000,Oklahoma,Washita,0,2328,1,780.8904874
40149965100,Oklahoma,Washita,1,3500,1,1334.831955
40149965400,Oklahoma,Washita,0,1783,1,823.738906
40151954200,Oklahoma,Woods,0,4175,1,596.1065419
40151954300,Oklahoma,Woods,1,2942,0,118.0488178
40151954400,Oklahoma,Woods,0,1761,1,1628.263392
40153953100,Oklahoma,Woodward,0,2107,1,1018.449889
40153953200,Oklahoma,Woodward,0,4712,1,2516.923511
40153953300,Oklahoma,Woodward,0,4118,0,0
40153953400,Oklahoma,Woodward,1,3568,1,733.5871128
40153953500,Oklahoma,Woodward,1,5576,1,2241.169193